FID,workorderi,descriptio,initiateda,entityuid,woaddress,what_happe,globalid
0,488,Urgent Water Main Break Repair,2022-08-10,wp526,"3205 WEST STATE ROAD 45, BLOOMINGTON, IN, 47403",Main Leak (No BWA),{FA4264CC-FA6F-40B8-851A-3F0F611ED8ED}
1,505,Urgent Water Main Break Repair,2022-08-12,p3844,"3645 SOUTH ROGERS ST, BLOOMINGTON, IN, 47403",Main Break (Includes a BWA),{2C5A6833-616C-488A-BCB3-6789C1CCB94B}
2,606,Urgent Water Main Break Repair,2022-08-19,p3978,"3109 S ROGERS ST, BLOOMINGTON, IN, 47403",Main Break (Includes a BWA),{5C6F6D15-0C07-43E4-A503-9DFC2C2F8A93}
3,608,Urgent Water Main Break Repair,2022-08-22,wp37055,"2301 N SMITH PIKE, BLOOMINGTON, IN, 47404",Main Leak (No BWA),{2D860EBB-40D6-4B77-ACDF-1175B1B0875E}
4,609,Urgent Water Main Break Repair,2022-08-22,wp15798,"2421 N FRITZ DR, BLOOMINGTON, IN, 47408",Main Leak (No BWA),{C42DE88C-59C8-4928-8E26-827C49CB5968}
5,1064,Urgent Water Main Break Repair,2022-09-25,r4037,"2463 SOUTH WINSLOW CT, BLOOMINGTON, IN, 47401",Main Break (Includes a BWA),{41C952C0-339C-452D-9545-32FFC77C2A2B}
6,1088,Urgent Water Main Break Repair,2022-09-19,wp28997,"3229 SOUTH COPPERTREE DR, BLOOMINGTON, IN, 47401",Main Break (Includes a BWA),{CAF73F3C-3616-4C5D-A47D-FFC2A69CE2F1}
7,1403,Urgent Water Main Break Repair,2022-10-12,t4183,"2698 SOUTH MCCARTNEY LN, BLOOMINGTON, IN, 47401",Main Leak (No BWA),{676896BC-90A6-4DA9-BCEF-25D391F99738}
8,1451,Urgent Water Main Break Repair,2022-10-12,u4435,"716 S FIELDCREST AVE, BLOOMINGTON, IN, 47401",Main Leak (No BWA),{7F05A58E-6361-4EE6-AE56-4BF8AA4B4A58}
9,1466,Urgent Water Main Break Repair,2022-10-14,wp359,"1211 W ACACIA CT, BLOOMINGTON, IN, 47404",Main Break (Includes a BWA),{A75D01AE-6B31-4E26-AF9A-C49DB495E657}
10,1483,Urgent Water Main Break Repair,2022-10-17,p5166,"3501 NORTH WINDCREST DR, BLOOMINGTON, IN, 47404",Main Leak (No BWA),{CF44C870-97BA-410F-A507-0B9706012563}
11,1500,Urgent Water Main Break Repair,2022-10-18,p4971,"1600 NORTH WILLIS DR, BLOOMINGTON, IN, 47404",Main Break (Includes a BWA),{30DA0FE0-8101-4A9C-B588-AABF3EE47006}
12,1571,Urgent Water Main Break Repair,2022-10-23,t45110,"515 SOUTH WOODSCREST DR, BLOOMINGTON, IN, 47401",Main Leak (No BWA),{EECEF079-4394-4B08-8968-2574C475FF4C}
13,1908,Urgent Water Main Break Repair,2022-11-17,wp27467,"SOUTH LORI LN, BLOOMINGTON, IN, 47401",Main Leak (No BWA),{0C1BF1AC-FB52-48DA-8D3E-DEDC4CEED259}
14,1998,Urgent Water Main Break Repair,2022-11-29,u4594,"3522 EAST MORNINGSIDE DR, BLOOMINGTON, IN, 47408",Main Break (Includes a BWA),{5BB8A74D-5F13-46CA-9981-16FD0B45F1B6}
15,2017,Urgent Water Main Break Repair,2022-11-30,p408,"2706 SOUTH BANTA AVE, BLOOMINGTON, IN, 47403",Main Leak (No BWA),{8CF475C1-198A-46EE-ACDD-690CC621C49C}
16,2041,Urgent Water Main Break Repair,2022-12-01,u4621,"522 N KERRY DR, BLOOMINGTON, IN, 47408",Main Leak (No BWA),{8A1F9310-FBE2-428D-B3F8-9DAEF85F2B27}
17,2042,Urgent Water Main Break Repair,2022-12-01,wp14391,"1402 SOUTH HENDERSON ST, BLOOMINGTON, IN, 47401",Main Break (Includes a BWA),{790E2CC5-9013-4ABE-8C8F-E71B672EBBDF}
18,2047,Urgent Water Main Break Repair,2022-11-23,r4459,"1015 SOUTH MANOR RD, BLOOMINGTON, IN, 47401",Main Leak (No BWA),{E89D5B6A-E9EE-4AC5-ADC4-8E158764E527}
19,2050,Urgent Water Main Break Repair,2022-12-02,s43183,"2302 EAST WOODSTOCK PL, BLOOMINGTON, IN, 47401",Main Leak (No BWA),{7B5BE1C4-10B2-4507-A285-03EF4EC90971}
20,2055,Urgent Water Main Break Repair,2022-12-02,t4437,"628 SOUTH WOODSCREST DR, BLOOMINGTON, IN, 47401",Main Break (Includes a BWA),{95C21930-3389-46A6-836E-95C11EB1E0DE}
21,2058,Urgent Water Main Break Repair,2022-12-02,s43183,"2302 EAST WOODSTOCK PL, BLOOMINGTON, IN, 47401",Main Leak (No BWA),{86FC9B25-341F-4C69-BD49-1A2E3B024C89}
22,2058,Urgent Water Main Break Repair,2022-12-02,s43181,"2302 EAST WOODSTOCK PL, BLOOMINGTON, IN, 47401",Main Leak (No BWA),{6D1F0455-C4E6-45DC-AE02-DB96263F2254}
23,2111,Urgent Water Main Break Repair,2022-12-07,wp15165,"2279 EAST 10TH ST, BLOOMINGTON, IN, 47408",Main Leak (No BWA),{7EC718EB-56B4-448F-A1A6-2B36E949755C}
24,2146,Urgent Water Main Break Repair,2022-12-09,wp27467,"70 LORI LN, BLOOMINGTON, IN, 47401",Main Leak (No BWA),{4AD49BFD-0C4C-43AD-9BD8-7378C8D12B5E}
25,2180,Urgent Service Line Break Repair,2022-12-16,wp23135,"3226 SOUTH MEETING HOUSE CT, BLOOMINGTON, IN, 47403",Service Line Strike,{E9210606-8E4B-4AA5-B875-A2A851B84DB9}
26,2211,Urgent Service Line Break Repair,2022-12-22,wp1479,"909 SOUTH DUNN ST, BLOOMINGTON, IN, 47401",Service Line Strike,{1C9427A2-B211-4254-AF0B-DBDB34D68B55}
27,2254,Urgent Water Main Break Repair,2022-12-27,u467,"3442 EAST LONGVIEW AVE, BLOOMINGTON, IN, 47408",Main Break (Includes a BWA),{D3058ED5-DA7E-499D-9A01-E6542F827761}
28,2267,Urgent Water Main Break Repair,2022-12-29,wp9897,"411 SOUTH WOODSCREST DR, BLOOMINGTON, IN, 47401",Main Leak (No BWA),{D738E891-FD5A-41E9-95CC-84DF1A50E9E8}
29,2271,Urgent Water Main Break Repair,2022-12-30,s42139,"2225 E QUEENS WAY, BLOOMINGTON, IN, 47401",Main Leak (No BWA),{24D829B8-CDC8-49C3-A6B0-775BD4B9CD6B}
30,2272,Urgent Water Main Break Repair,2022-12-30,r4382,"940 SOUTH HAWTHORNE DR, BLOOMINGTON, IN, 47401",Main Leak (No BWA),{1C3BDDBB-BB1A-4EF2-946F-49D88A6B357F}
31,2273,Urgent Water Main Break Repair,2022-12-30,q5414,"504 EAST AUDUBON DR, BLOOMINGTON, IN, 47408",Main Leak (No BWA),{DA1796DC-849F-4923-A1E8-0D2AB1FD05AB}
32,2279,Urgent Water Main Break Repair,2022-12-31,wp10280,"1658 NORTH RUSSELL RD, BLOOMINGTON, IN, 47408",Main Leak (No BWA),{5493D4E6-3818-4E46-88EF-7C310DBA5B5C}
33,2280,Urgent Service Line Break Repair,2022-12-31,wp10280,"1658 N RUSSELL RD, BLOOMINGTON, IN, 47408",Service Line Leak,{A3224FF9-404B-42E8-9F39-14AD15C77D4C}
34,2282,Urgent Water Main Break Repair,2022-12-31,u4443,"602 SOUTH RAVENCREST AVE, BLOOMINGTON, IN, 47401",Main Leak (No BWA),{DFFBC222-0F9D-4CE8-ABF1-83A99CF11418}
35,2284,Urgent Water Main Break Repair,2023-01-01,p408,"2700 SOUTH BANTA AVE, BLOOMINGTON, IN, 47403",Main Leak (No BWA),{C0FC41B9-9DCA-408A-B009-C3EB58875361}
36,2285,Urgent Water Main Break Repair,2023-01-01,wp22920,"102 SOUTH OVERHILL DR, BLOOMINGTON, IN, 47408",Main Leak (No BWA),{47774B88-5EC8-4624-8606-1AB058C37D4F}
37,2300,Urgent Water Main Break Repair,2023-01-03,o47177,"1020 WEST 14TH ST, BLOOMINGTON, IN, 47404",Strike (No BWA),{5CA85107-8962-458D-80A5-A26A7052B6E7}
38,2301,Urgent Water Main Break Repair,2023-01-04,p4739,"611 NORTH ROGERS ST, BLOOMINGTON, IN, 47404",Main Leak (No BWA),{2A52AC9A-80FB-4690-8FFF-83164D5E16AC}
39,2312,Urgent Water Main Break Repair,2023-01-05,t4149,"2408 SOUTH SHADOW GROVE CT, BLOOMINGTON, IN, 47401",Main Break (Includes a BWA),{252C49B1-B889-458B-9217-0A966EF4D520}
40,2376,Urgent Water Main Break Repair,2023-01-09,wp17913,"431 W WALLS DR, BLOOMINGTON, IN, 47403",Main Leak (No BWA),{D459F667-0AEC-4A4A-B597-3A96E6986476}
41,2380,Urgent Water Main Break Repair,2023-01-09,wp11554,"EAST BRIGHTON CRST & SOUTH SMITH RD, BLOOMINGTON, IN, 47401",Main Leak (No BWA),{C82FAA42-8C06-429A-AB83-ECC1D93B0853}
42,2383,Urgent Water Main Break Repair,2023-01-09,wp3212,"3912 NORTH WHITEWOOD WAY, BLOOMINGTON, IN, 47404",Main Leak (No BWA),{2B2B1EB9-0C0C-4D32-AF99-3C908F86BB45}
43,2390,Urgent Water Main Break Repair,2023-01-09,wp12834,"117 WEST PINEWOOD DR, BLOOMINGTON, IN, 47403",Main Leak (No BWA),{107CE4E6-59A8-4E2C-9C61-F1C374F0B535}
44,2391,Urgent Water Main Break Repair,2023-01-09,s42175,"1715 EAST ARDEN DR, BLOOMINGTON, IN, 47401",Main Leak (No BWA),{9E8A17A6-7DC9-4B88-96E5-CEA1DB5383F6}
45,2471,Urgent Water Main Break Repair,2023-01-17,o4746,"1419 WEST 12TH ST, BLOOMINGTON, IN, 47404",Strike (No BWA),{E274DC72-6C04-4D94-BDED-0A909B9430A3}
46,2497,Urgent Service Line Break Repair,2023-01-12,s4439,"902 SOUTH MAXWELL TER, BLOOMINGTON, IN, 47401",Service Line Leak,{9C984D0A-32AB-4E50-B491-E196F42532E1}
47,2498,Urgent Service Line Break Repair,2023-01-17,v46173,"4521 EAST CAMBRIDGE CT, BLOOMINGTON, IN, 47408",Service Line Strike,{F4AF51C3-9E81-40FD-BF97-4983AB439730}
48,2501,Urgent Service Line Break Repair,2023-01-17,wp24919,"4504 EAST CAMBRIDGE CT, BLOOMINGTON, IN, 47408",Service Line Strike,{E9D7CB90-04E0-4906-97E1-26D7388BBEBB}
49,2502,Urgent Water Main Break Repair,2023-01-17,wp1847,"4229 EAST DECKARD DR, BLOOMINGTON, IN, 47408",Main Break (Includes a BWA),{73FA6B42-62AD-423E-A909-1CAC44FAF892}
50,2503,Urgent Service Line Break Repair,2023-01-18,wp20630,"1412 N JORDAN AVE, BLOOMINGTON, IN, 47406",Service Line Leak,{F76CB410-E1D0-4BAD-A353-5218052501D5}
51,2583,Urgent Water Main Break Repair,2023-01-20,p5237,"3741 NORTH KINSER PIKE, BLOOMINGTON, IN, 47404",Main Break (Includes a BWA),{597D5187-0A7D-4D64-8D66-14875A7EB38C}
52,2597,Urgent Service Line Break Repair,2023-01-20,w4220,"4421 EAST MOORES PIKE, BLOOMINGTON, IN, 47401",Service Line Strike,{1DE89E8C-5847-4CA5-B0A3-093D3B0ED735}
53,2749,Urgent Service Line Break Repair,2023-01-31,p4669,"812 WEST 9TH ST, BLOOMINGTON, IN, 47404",Service Line Strike,{1690F1DC-F23D-4A21-9C66-6692F9254427}
54,2822,Urgent Water Main Break Repair,2023-02-04,l455,"4201 WEST 3RD ST, BLOOMINGTON, IN, 47403",Main Leak (No BWA),{6DFFDE4D-1781-4093-A145-9365B84FAA78}
55,2868,Urgent Water Main Break Repair,2023-02-06,wp34891,"5001 NORTH STATE ROAD 37 BUSINESS, BLOOMINGTON, IN, 47404",Main Break (Includes a BWA),{5BEFABD0-D75C-4617-9888-246B94EC3DC4}
56,2868,Urgent Water Main Break Repair,2023-02-06,p5617,"5001 NORTH STATE ROAD 37 BUSINESS, BLOOMINGTON, IN, 47404",Main Break (Includes a BWA),{F6E50D55-8E2C-4CBA-9FA8-7A3F4B7ED997}
57,2869,Urgent Water Main Break Repair,2023-02-06,t4588,"424 SOUTH COLLEGE AVE, BLOOMINGTON, IN, 47403",Main Leak (No BWA),{E58962CE-5C1B-4F24-A839-A61AAFC37B61}
58,2980,Urgent Service Line Break Repair,2023-02-10,wp5808,"SOUTH CLARIZZ BLVD & EAST MOORES PIKE, BLOOMINGTON, IN, 47401",Service Line Strike,{776A4664-7C19-44EB-80FD-F2FDCEA2EA84}
59,2998,Urgent Water Main Break Repair,2023-02-12,wp2595,"2845 WEST BLOOMFIELD RD, BLOOMINGTON, IN, 47403",Main Leak (No BWA),{B7EBF694-F754-4BDA-AA88-90B224540F92}
60,3156,Urgent Service Line Break Repair,2023-02-20,wp32195,"1155 SOUTH COLLEGE MALL RD, BLOOMINGTON, IN, 47401",Service Line Strike,{7484D098-7657-4298-A472-F35772DF84AE}
61,3156,Urgent Service Line Break Repair,2023-02-20,t4392,"1155 SOUTH COLLEGE MALL RD, BLOOMINGTON, IN, 47401",Service Line Strike,{3933FCEA-27AA-48CE-AA5A-A0EC676D339B}
62,3216,Urgent Water Main Break Repair,2023-02-17,wp2595,"2845 SOUTH OAKDALE DR, BLOOMINGTON, IN, 47403",Main Break (Includes a BWA),{1EA8F892-135A-4A4C-A4F0-502F6BAE10B4}
63,3438,Urgent Water Main Break Repair,2023-03-01,wp27932,"1912 EAST WEXLEY RD, BLOOMINGTON, IN, 47401",Main Break (Includes a BWA),{D931DF65-3E63-4999-8EE1-E6078614F170}
64,3578,Urgent Service Line Break Repair,2023-03-07,t4460,"804 SOUTH AUTO MALL RD, BLOOMINGTON, IN, 47401",Service Line Strike,{FB0AEEBB-5EEE-4A48-B7BC-1B80EC53B2D4}
65,3635,Urgent Service Line Break Repair,2023-03-08,p5141,"3441 N KINSER PIKE, BLOOMINGTON, IN, 47404",Service Line Strike,{CB020BBA-BFC9-49B3-9D84-7414C6E3FC43}
66,3952,Urgent Service Line Break Repair,2023-03-20,q45329,"402 EAST 6TH ST, BLOOMINGTON, IN, 47408",Strike (Damage to Main Resulting in Water Flow Event,{AADCBA5E-6E3A-4B43-BF41-433E54F2A2C9}
67,4086,Urgent Water Main Break Repair,2023-03-24,s3911,"3313 SOUTH BROWNING PL, BLOOMINGTON, IN, 47401",Main Leak (No BWA),{30F009C8-5184-4A20-8FE4-3B972FACFAE5}
68,4203,Urgent Water Main Break Repair,2023-03-29,r4259,"1527 SOUTH HIGHLAND AVE, BLOOMINGTON, IN, 47401",Main Leak (No BWA),{A19D6797-A411-4D4D-B83E-480FCD2DD772}
69,4340,Urgent Water Main Break Repair,2023-03-31,t44126,"EAST WINDERMERE WOODS DR & EAST COVENANTER DR, BLOOMINGTON, IN, 47401",Main Leak (No BWA),{C4DE9840-504E-4FF8-951F-4599A3295503}
70,4389,Urgent Water Main Break Repair,2023-04-03,q5036,"EAST GLENDORA DR & NORTH DUNN ST, BLOOMINGTON, IN, 47408",Main Break (Includes a BWA),{476D2F7D-D342-4CB6-875E-AACD3C9D1A6D}
71,4470,Urgent Service Line Break Repair,2023-04-06,1126,"3901 EAST HAGAN ST, BLOOMINGTON, IN, 47401",Service Line Break,{9CD8D20B-8301-4839-8E91-D7AE7851310F}
72,4734,Urgent Water Main Break Repair,2023-04-17,p4683,"907 WEST 8TH ST, BLOOMINGTON, IN, 47404",Main Leak (No BWA),{9ECB88A8-36F2-4961-A83B-61A3881F76FB}
73,4747,Urgent Service Line Break Repair,2023-04-17,p4683,"907 WEST 8TH ST, BLOOMINGTON, IN, 47404",Service Line Leak,{55A3E669-3B54-4C07-9494-F9DE0B45DCED}
74,4836,Urgent Water Main Break Repair,2023-04-20,wp3212,"3916 NORTH WHITEWOOD WAY, BLOOMINGTON, IN, 47404",Main Break (Includes a BWA),{54EDF477-3588-40A2-97D3-28CB95C493D6}
75,4900,Urgent Water Main Break Repair,2023-04-23,wp4602,"2701 SOUTH OLCOTT BLVD, BLOOMINGTON, IN, 47401",Main Break (Includes a BWA),{DEC6F378-FC56-4774-A90D-6DC834AA1014}
76,4933,Urgent Service Line Break Repair,2023-04-24,wp4602,"2701 SOUTH OLCOTT BLVD, BLOOMINGTON, IN, 47401",Service Line Leak,{40F02C24-449D-4D59-BD99-20E85A332472}
77,5039,Urgent Service Line Break Repair,2023-04-26,12664,"2650 EAST ROCK CREEK DR, BLOOMINGTON, IN, 47401",Service Line Strike,{25922787-2A04-41F5-98D1-64858A04D178}
78,5353,Urgent Service Line Break Repair,2023-05-10,q42128,"1613 SOUTH WALNUT ST, BLOOMINGTON, IN, 47401",Break,{25B38737-5F26-4E16-957D-0388869A7502}
79,5495,Urgent Water Main Break Repair,2023-05-14,t4314,"1351 SOUTH COLLEGE MALL RD, BLOOMINGTON, IN, 47401",Main Leak (No BWA),{FEE61C24-E48B-4DFF-9CEB-37379C7BB1EE}
80,5656,Urgent Water Main Break Repair,2023-05-18,wp10928,"1547 WEST LEIGHTON LN, BLOOMINGTON, IN, 47403",Main Break (Includes a BWA),{FD0CAA14-D17C-4CFE-AECF-C5A2FE9AE66E}
81,5887,Urgent Water Main Break Repair,2023-05-28,s3981,"2411 EAST OAKMONT DR, BLOOMINGTON, IN, 47401",Main Break (Includes a BWA),{0F1E10F0-7374-4B22-B016-B2CFB068E6FB}
82,5910,Urgent Water Main Break Repair,2023-05-29,u4181,"2600 SOUTH ROBINS BOW, BLOOMINGTON, IN, 47401",Main Break (Includes a BWA),{3D95901A-D8FD-4E3B-8B5F-06956B682CD7}
83,5911,Urgent Service Line Break Repair,2023-05-29,u4181,"4305 EAST WEMBLEY CT, BLOOMINGTON, IN, 47408",Service Line Leak,{18BDC5CB-01D7-40BD-916B-6EA9F0B65D71}
84,5941,Urgent Water Main Break Repair,2023-05-30,wp1208,"820 EAST HILLSIDE DR, BLOOMINGTON, IN, 47401",Main Break (Includes a BWA),{01495498-A07A-43FF-B2E1-E9F6CEE212C6}
85,6012,Urgent Service Line Break Repair,2023-06-01,p48105,"326 WEST 17TH ST, BLOOMINGTON, IN, 47404",Service Line Strike,{03A8A8CB-DF2F-4D41-8F3F-7DC324340372}
86,6146,Urgent Service Line Break Repair,2023-06-06,16999,"4618 SOUTH COLLEGE DR, BLOOMINGTON, IN, 47403",Service Line Leak,{D89ED841-55D0-428D-BF0C-C03DD85D8C82}
87,6222,Urgent Water Main Break Repair,2023-06-06,u4130,"2916 SOUTH DALE CT, BLOOMINGTON, IN, 47401",Main Break (Includes a BWA),{214B6259-55DA-4061-9CFE-A20CF6FB9332}
88,6502,Urgent Water Main Break Repair,2023-06-12,o474,"2010 WEST FOUNTAIN DR, BLOOMINGTON, IN, 47404",Main Break (Includes a BWA),{88FD713F-46E9-4589-BDB3-C60244F987C6}
89,6633,Urgent Water Main Break Repair,2023-06-14,p48113,"WEST 17TH ST & NORTH KINSER PIKE, BLOOMINGTON, IN, 47404",Main Break (Includes a BWA),{1781A942-9415-41CF-8C81-0A51642F0D25}
90,6713,Urgent Water Main Break Repair,2023-06-16,wp17570,"1453 WEST PETAL CT, BLOOMINGTON, IN, 47403",Main Break (Includes a BWA),{23BBE3BF-424A-4F74-A7CD-AF6DB89DD7AC}
91,6742,Urgent Water Main Break Repair,2023-06-18,u4131,"2815 SOUTH DALE CT, BLOOMINGTON, IN, 47401",Main Leak (No BWA),{69B8D293-0A6D-4832-B4E6-6688F2609A1C}
92,6775,Urgent Water Main Break Repair,2023-06-21,wp12828,"2965 SOUTH PINEWOOD LN, BLOOMINGTON, IN, 47403",Main Break (Includes a BWA),{57A1FECB-3386-478B-9AE3-5C857626B980}
93,6863,Urgent Water Main Break Repair,2023-06-26,wp15798,"NORTH FRITZ DR & EAST GLENDORA DR, BLOOMINGTON, IN, 47408",Main Leak (No BWA),{E8BE95DF-EE60-4613-93A1-1B3F1784370D}
94,6881,Urgent Water Main Break Repair,2023-06-22,wp12832,"2930 SOUTH PINEWOOD LN, BLOOMINGTON, IN, 47403",Main Leak (No BWA),{30CFCE4D-8140-4765-972D-8C0ED76CF849}
95,6893,Urgent Water Main Break Repair,2023-06-27,q48141,"402 EAST 19TH ST, BLOOMINGTON, IN, 47408",Main Leak (No BWA),{8DCA5969-BAEF-460D-931D-E15826F2CD96}
96,7164,Urgent Service Line Break Repair,2023-07-10,q48141,"306 EAST 19TH ST, BLOOMINGTON, IN, 47408",Service Line Strike,{324C3F6B-5C4C-42A9-B2D7-6BDA1F2FDC8F}
97,7189,Urgent Service Line Break Repair,2023-07-10,wp1379,"623 EAST 13TH ST, BLOOMINGTON, IN, 47408",Service Line Strike,{89E3F75C-94CD-4E25-8D91-F07514A099B0}
98,7202,Urgent Water Main Break Repair,2023-07-11,l3715,"3825 SOUTH LEONARD SPRINGS RD, BLOOMINGTON, IN, 47403",Main Break (Includes a BWA),{58F9325E-6AE0-431F-B7FC-037315F9E15E}
99,7234,Urgent Water Main Break Repair,2023-07-11,wp1379,"3914 SOUTH EMILIE CT, BLOOMINGTON, IN, 47401",Main Leak (No BWA),{6509D1F3-3EB8-4A14-898C-216AF0C820D8}
100,7328,Urgent Service Line Break Repair,2023-07-12,r39163,"1350 EAST BROWNING CT, BLOOMINGTON, IN, 47401",Service Line Strike,{E889A61B-F871-44FC-8A60-B26A28D1A625}
101,7389,Urgent Service Line Break Repair,2023-07-13,14353,"750 WEST 17TH ST, BLOOMINGTON, IN, 47404",Service Line Strike,{24DFA345-7798-4F13-AE69-E3D236936897}
102,7483,Urgent Water Main Break Repair,2023-07-17,q4064,"237 EAST WINSLOW RD, BLOOMINGTON, IN, 47401",Main Leak (No BWA),{B2ACF095-6A35-49D2-BA5C-C8C7278127AB}
103,7500,Urgent Water Main Break Repair,2023-07-17,wp359,"1212 W ACACIA CT, BLOOMINGTON, IN, 47404",Strike (No BWA),{5783CBFE-9203-4A9C-BB8E-39A889A5B648}
104,7503,Urgent Water Main Break Repair,2023-07-17,wp7470,"1523 SOUTH ROGERS ST, BLOOMINGTON, IN, 47403",Strike (Damage to Main Resulting in Water Flow Event,{C5647D57-EDFD-42B9-A1BA-FAB7768EC44E}
105,7706,Urgent Service Line Break Repair,2023-07-20,p45183,"304 EAST 19TH ST, BLOOMINGTON, IN, 47408",Service Line Strike,{7898C850-85B3-4E85-A5EC-4391222D989C}
106,7710,Urgent Water Main Break Repair,2023-07-19,p45183,"1030 WEST KIRKWOOD AVE, BLOOMINGTON, IN, 47404",Main Leak (No BWA),{E7F22891-E3E7-44DC-9631-04B1A1572489}
107,7768,Urgent Water Main Break Repair,2023-07-20,s3911,"3313 SOUTH BROWNING PL, BLOOMINGTON, IN, 47401",Main Leak (No BWA),{29A3E3DB-CA4B-4E69-8F70-728971CA58AB}
108,7813,Urgent Water Main Break Repair,2023-07-22,t4046,"2614 EAST POPLAR DR, BLOOMINGTON, IN, 47401",Main Leak (No BWA),{484C10CC-2DD4-4355-A442-9F2FFCBF1EF0}
109,7888,Urgent Water Main Break Repair,2023-07-24,wp2914,"1820 EAST 10TH ST, BLOOMINGTON, IN, 47408",Main Leak (No BWA),{FC5E6AB2-04CF-4908-BAEB-BF83BD8A524B}
110,7935,Urgent Water Main Break Repair,2023-07-25,s42102,"1639 SOUTH SYCAMORE CT, BLOOMINGTON, IN, 47401",Main Leak (No BWA),{460415F7-4896-45FD-8DF4-8C3D5EB5BC9B}
111,7955,Urgent Service Line Break Repair,2023-07-26,r333,"5380 SOUTH FAIRFAX RD, BLOOMINGTON, IN, 47401",Service Line Leak,{7739C232-A232-4DCD-9485-60EF38D398D8}
112,7963,Urgent Service Line Break Repair,2023-07-24,q4264,"603 EAST MILLER DR, BLOOMINGTON, IN, 47401",Service Line Strike,{D72127F6-302B-47E6-A75B-076C37AE570D}
113,8040,Urgent Water Main Break Repair,2023-07-27,r4479,"809 SOUTH PARK AVE, BLOOMINGTON, IN, 47401",Main Break (Includes a BWA),{552A48AB-021B-4836-B5D9-F708D097828A}
114,8079,Urgent Water Main Break Repair,2023-07-28,t437,"1175 SOUTH COLLEGE MALL RD, BLOOMINGTON, IN, 47401",Main Break (Includes a BWA),{541EAEF7-948C-4267-8D61-32CC51C58824}
115,8144,Urgent Service Line Break Repair,2023-07-31,r39191,"1217 EAST ELLISTON DR, BLOOMINGTON, IN, 47401",Service Line Strike,{931517EA-0AEE-4DD7-8656-991EF477F702}
116,8429,Urgent Water Main Break Repair,2023-08-04,s3911,"3217 SOUTH BROWNING PL, BLOOMINGTON, IN, 47401",Main Break (Includes a BWA),{C29AD9C8-1DC3-42B3-8A9B-54A58FF2B980}
117,8455,Urgent Water Main Break Repair,2023-08-05,q43114,"1306 S LINCOLN ST, BLOOMINGTON, IN, 47401",Main Break (Includes a BWA),{148AD791-7A49-4746-96B2-229265CC688C}
118,8771,Urgent Service Line Break Repair,2023-08-15,wp18452,"572 WEST GREEN RD, BLOOMINGTON, IN, 47403",Service Line Leak,{37878AF0-BF7E-497A-95BE-E15770D9CD9B}
119,9006,Urgent Water Main Break Repair,2023-08-21,wp16456,"406 WEST SOMERSBE PL, BLOOMINGTON, IN, 47403",Main Break (Includes a BWA),{04613784-56E6-4266-B03F-AB087EE37C37}
120,9046,Urgent Water Main Break Repair,2023-08-22,t4235,"2720 EAST PINE LN, BLOOMINGTON, IN, 47401",Main Break (Includes a BWA),{B98A4BC1-3A6F-4395-8180-BCE4AAF0F12A}
121,9268,Urgent Water Main Break Repair,2023-08-23,v303,"4258 EAST RAMP CREEK RD, BLOOMINGTON, IN, 47401",Main Leak (No BWA),{5DF6AE4C-DE9C-476C-8295-9E8601262E3C}
122,9324,Urgent Service Line Break Repair,2023-08-28,t43170,"1402 SOUTH WINFIELD RD, BLOOMINGTON, IN, 47401",Service Line Strike,{FEAFBFEF-BE71-4EE4-8501-B69B051AAAA5}
123,10125,Urgent Service Line Break Repair,2023-09-14,13806,"2425 SOUTH ROCKY CLIFF CT, BLOOMINGTON, IN, 47401",Service Line Strike,{A85AC378-8E8F-412D-9D76-6BA771C774DF}
124,10234,Urgent Water Main Break Repair,2023-09-15,wp39485,"2516 EAST ROUNDHILL LN, BLOOMINGTON, IN, 47401",Strike (No BWA),{81111534-0EBC-400D-9FAD-A21BC12535E4}
125,10236,Urgent Service Line Break Repair,2023-09-15,wp21423,"1555 WEST PETAL CT, BLOOMINGTON, IN, 47403",Service Line Leak,{DDCB4246-D6A5-4A93-967F-4339035472DE}
126,10277,Urgent Water Main Break Repair,2023-09-17,o47131,"1308 WEST 11TH ST, BLOOMINGTON, IN, 47404",Main Leak (No BWA),{582634EA-4529-49DE-B9B5-3782CAA65C90}
127,10707,Urgent Water Main Break Repair,2023-09-26,wp6315,"4283 EAST RAMP CREEK RD, BLOOMINGTON, IN, 47401",Main Leak (No BWA),{A199E51C-56B1-465B-9F86-EB42AD94DC23}
128,10756,Urgent Water Main Break Repair,2023-09-27,p4979,"606 WEST GOURLEY PIKE, BLOOMINGTON, IN, 47404",Main Break (Includes a BWA),{5A48678E-0FAE-4572-996A-2014B332478C}
129,10779,Urgent Water Main Break Repair,2023-09-28,wp680,"3301 SOUTH TULIP AVE, BLOOMINGTON, IN, 47403",Main Leak (No BWA),{0B1976BA-6856-4885-959E-9CEFF3D6BDF6}
130,10917,Urgent Water Main Break Repair,2023-10-02,q5061,"2804 NORTH BLUE SLOPES DR, BLOOMINGTON, IN, 47408",Main Leak (No BWA),{C9C3FA20-858A-4F44-A62C-FA1CEE2C7CE0}
131,11046,Urgent Service Line Break Repair,2023-10-03,5162,"2736 NORTH BLUE RIDGE CT, BLOOMINGTON, IN, 47408",Service Line Strike,{8392489C-BBDF-4B9E-AA2E-931F21BF7720}
132,11098,Urgent Water Main Break Repair,2023-10-04,wp9342,"125 SOUTH PARK RIDGE RD, BLOOMINGTON, IN, 47408",Main Leak (No BWA),{1A879758-DFCC-4636-AEC2-725CC406B20F}
133,11122,Urgent Water Main Break Repair,2023-10-04,p5141,"3401 NORTH KINSER PIKE, BLOOMINGTON, IN, 47404",Main Break (Includes a BWA),{FC8C117E-683A-4570-A3A3-149F751E73FC}
134,11283,Urgent Water Main Break Repair,2023-10-07,r4188,"1950 SOUTH MAXWELL ST, BLOOMINGTON, IN, 47401",Main Leak (No BWA),{D130AF09-B3E0-496B-B7A6-130F6313BC77}
135,11284,Urgent Water Main Break Repair,2023-10-07,wp20070,"3000 NORTH BROWNCLIFF LN, BLOOMINGTON, IN, 47408",Main Break (Includes a BWA),{F94F2DF2-DD05-4E03-BEDB-E0F20A47A8EC}
136,11507,Urgent Service Line Break Repair,2023-10-10,s42139,"2231 EAST QUEENS WAY, BLOOMINGTON, IN, 47401",Service Line Strike,{9233E577-2CC0-4330-94A4-3454A9EAAE0F}
137,11508,Urgent Service Line Break Repair,2023-10-10,s42139,"500 SOUTH MITCHELL ST, BLOOMINGTON, IN, 47401",Service Line Strike,{3ECC6AE7-FEA7-431F-99C1-C32DAE8BDE87}
138,11726,Urgent Water Main Break Repair,2023-10-16,p408,"2724 SOUTH BANTA AVE, BLOOMINGTON, IN, 47403",Main Leak (No BWA),{754719BF-EA36-43EC-9D44-9DED82551ACB}
139,11738,Urgent Service Line Break Repair,2023-10-16,5162,"2730 N Blue Ridge CT, Bloomington, IN, 47408",Service Line Strike,{416D3993-19C1-4B93-94A2-D4DBCB5479A5}
140,11955,Urgent Service Line Break Repair,2023-10-17,wp20623,"3946 EAST 10TH ST, BLOOMINGTON, IN, 47408",Service Line Strike,{6EBFA3A5-1629-48CD-BC2D-16819ECA480F}
141,12167,Urgent Water Main Break Repair,2023-10-23,v4599,"4021 EAST MORNINGSIDE DR, BLOOMINGTON, IN, 47408",Main Break (Includes a BWA),{3889536E-5F0D-4DB4-8078-FCA5B045B567}
142,12218,Urgent Service Line Break Repair,2023-10-25,r4577,"710 EAST ATWATER AVE, BLOOMINGTON, IN, 47401",Service Line Leak,{4EA5E58D-4C94-4447-9FCC-69CAF672BDDC}
143,12286,Urgent Water Main Break Repair,2023-10-26,wp685,"3309 SOUTH GLEN ARBOR PL, BLOOMINGTON, IN, 47403",Main Break (Includes a BWA),{EF056716-A923-4DE5-998E-A17598637395}
144,12306,Urgent Service Line Break Repair,2023-10-26,12207,"2001 EAST ARDEN DR, BLOOMINGTON, IN, 47401",Service Line Strike,{5334D8FD-B7E9-48E5-A0DD-FBA074A95881}
145,12513,Urgent Water Main Break Repair,2023-11-02,u4515,"3205 EAST 3RD ST, BLOOMINGTON, IN, 47401",Main Leak (No BWA),{127BA2E9-1FD8-4BAD-8798-7BDA4CE78C0E}
146,12576,Urgent Water Main Break Repair,2023-11-02,wp29128,"2010 WEST ROSS LN, BLOOMINGTON, IN, 47403",Main Leak (No BWA),{9E23A63C-E8AB-4912-B391-FABF13A8340A}
147,12577,Urgent Water Main Break Repair,2023-11-02,wp33489,"4425 EAST ETTER DR, BLOOMINGTON, IN, 47408",Strike (No BWA),{67FE013B-56CA-495A-BCAB-719D0943106E}
148,12696,Urgent Service Line Break Repair,2023-11-09,o46104,"635 NORTH ADAMS ST, BLOOMINGTON, IN, 47404",Service Line Strike,{86F99659-77C1-479C-8CC7-C333AF2B2D1F}
149,12721,Urgent Water Main Break Repair,2023-11-09,wp33656,"3930 SOUTH BAYTREE LN, BLOOMINGTON, IN, 47401",Strike (No BWA),{259E7467-11E0-47AA-974A-FEEEEEAE72B7}
150,12863,Urgent Service Line Break Repair,2023-11-15,wp6755,"1340 WEST TIFFANY CT, BLOOMINGTON, IN, 47403",Service Line Leak,{CF417952-DD8B-43CF-9EA7-25DFD20B5A50}
151,12913,Urgent Service Line Break Repair,2023-11-16,21763,"1111 WEST 10TH ST, BLOOMINGTON, IN, 47408",Service Line Strike,{5EBEE051-4A3D-495B-AF2F-DF982A996C8A}
152,12931,Urgent Service Line Break Repair,2023-11-17,27208,"3962 EAST 10TH ST, BLOOMINGTON, IN, 47408",Service Line Strike,{C6B77077-D582-405B-B391-BA8D85077406}
153,12937,Urgent Water Main Break Repair,2023-11-17,p5037,"2622 NORTH CASCADE DR, BLOOMINGTON, IN, 47404",Main Leak (No BWA),{0F64983D-14B7-44D6-895E-1A908AEE55A1}
154,13197,Urgent Water Main Break Repair,2023-11-27,s4114,"2103 GROVESNOR PL, BLOOMINGTON, IN, 47401",Main Leak (No BWA),{B58DAE8B-7684-429A-BDC1-C34030B36E6C}
155,13707,Urgent Water Main Break Repair,2023-12-11,s439,"1507 EAST SOUTHDOWNS DR, BLOOMINGTON, IN, 47401",Main Leak (No BWA),{5F570147-C667-48DD-84FD-A17F535FEEBB}
156,13823,Urgent Water Main Break Repair,2023-12-13,wp32386,"525 WEST 17TH ST, BLOOMINGTON, IN, 47404",Strike (Includes a BWA),{8772B827-9D14-44E4-9381-07675F5FCAB4}
157,13874,Urgent Water Main Break Repair,2023-12-13,t4165,"2205 SOUTH FAIRMOUNT CT, BLOOMINGTON, IN, 47401",Main Break (Includes a BWA),{E50C8DC2-CF8F-4252-BA50-1D9541348D91}
158,13974,Urgent Water Main Break Repair,2023-12-16,s443,"2200 EAST MAXWELL LN, BLOOMINGTON, IN, 47401",Main Leak (No BWA),{B73BF05E-E1AE-4A07-8E4B-5D0BA5523B1C}
159,13975,Urgent Water Main Break Repair,2023-12-16,v46102,"4411 EAST SHEFFIELD DR, BLOOMINGTON, IN, 47408",Main Leak (No BWA),{1934E91F-3246-4D71-86EF-68FC9C6E5B97}
160,13977,Urgent Water Main Break Repair,2023-12-17,r4382,"940 SOUTH HAWTHORNE DR, BLOOMINGTON, IN, 47401",Main Leak (No BWA),{A159BB95-D1C0-4FFE-A981-04E1EDBA5CB6}
161,14198,Urgent Service Line Break Repair,2023-12-21,13236,"1514 EAST CLAIRMONT PL, BLOOMINGTON, IN, 47401",Service Line Leak,{F3EFE53F-30AC-4158-BE14-DEBC2C276DE0}
162,14257,Urgent Water Main Break Repair,2023-12-26,wp29155,"100 WEST CLUB HOUSE DR, BLOOMINGTON, IN, 47404",Main Leak (No BWA),{5A1F4A1A-F6EF-454E-BF2D-4942FE7A8226}
163,14264,Urgent Water Main Break Repair,2023-12-26,wp29557,"415 WEST JED ST, BLOOMINGTON, IN, 47403",Main Leak (No BWA),{421EF9E5-5BFF-43F6-81BF-B88ED7630576}
164,14276,Urgent Water Main Break Repair,2023-12-27,v46119,"4219 EAST SHEFFIELD DR, BLOOMINGTON, IN, 47408",Main Leak (No BWA),{FA31739E-809E-4BA4-9086-B95787020668}
165,14486,Urgent Water Main Break Repair,2024-01-05,o4319,"912 SOUTH WESTHILL CT, BLOOMINGTON, IN, 47403",Main Break (Includes a BWA),{A0AF9D8A-1EB3-434C-BA25-FCA356C56215}
166,14766,Urgent Water Main Break Repair,2024-01-11,q47142,"331 EAST 12TH ST, BLOOMINGTON, IN, 47408",Main Break (Includes a BWA),{60B85CD3-E815-48BD-AEBD-62406A259BAF}
167,14846,Urgent Water Main Break Repair,2024-01-15,q4659,"418 WEST 8TH ST, BLOOMINGTON, IN, 47404",Main Break (Includes a BWA),{9829FDA3-5805-4FCB-9B1C-65677D88AC50}
168,14881,Urgent Water Main Break Repair,2024-01-17,wp25764,"629 EAST MOODY DR, BLOOMINGTON, IN, 47401",Main Leak (No BWA),{EC3DF6DF-E0FE-49CD-BB9F-0846F66DC5B9}
169,14884,Urgent Water Main Break Repair,2024-01-17,q46133,"600 NORTH WASHINGTON ST, BLOOMINGTON, IN, 47408",Main Leak (No BWA),{77487CD2-26E2-4B36-85EF-41F2C21CA10D}
170,14936,Urgent Water Main Break Repair,2024-01-18,t43172,"1510 SOUTH PICKWICK PL, BLOOMINGTON, IN, 47401",Main Leak (No BWA),{6D3EFFDA-7A01-4A43-AAED-A04A71CAA5D9}
171,14958,Urgent Water Main Break Repair,2024-01-19,p4678,"459 NORTH MAPLE ST, BLOOMINGTON, IN, 47404",Main Leak (No BWA),{F33A5BA8-B9B0-4133-94E0-4AD15C6FBE26}
172,14959,Urgent Water Main Break Repair,2024-01-19,wp26008,"3624 EAST MORNINGSIDE DR, BLOOMINGTON, IN, 47408",Main Leak (No BWA),{0EC25B82-FE9E-4523-A47E-FDA23C506173}
173,14962,Urgent Water Main Break Repair,2024-01-19,v45113,"3901 EAST 3RD ST, BLOOMINGTON, IN, 47401",Main Leak (No BWA),{014EE534-BB44-4654-91EF-D66982C28CE3}
174,14968,Urgent Water Main Break Repair,2024-01-20,s45100,"128 SOUTH CLARK ST, BLOOMINGTON, IN, 47408",Main Leak (No BWA),{D9EC7743-C549-4910-87D0-71E5461ECCC5}
175,14969,Urgent Water Main Break Repair,2024-01-20,u4622,"3505 EAST GRANDVIEW DR, BLOOMINGTON, IN, 47408",Main Leak (No BWA),{48DC939E-D61C-4C23-A162-A5F48F55EBC1}
176,14970,Urgent Water Main Break Repair,2024-01-21,q48200,"1700 NORTH WASHINGTON ST, BLOOMINGTON, IN, 47408",Main Leak (No BWA),{45A343A4-9520-4EA4-BAEF-498367B3E53B}
177,15047,Urgent Water Main Break Repair,2024-01-22,p49114,"1705 NORTH KINSER PIKE, BLOOMINGTON, IN, 47404",Strike (No BWA),{17F710CA-F192-454C-B853-411DED5C977E}
178,15061,Urgent Service Line Break Repair,2024-01-23,s4439,"914 SOUTH MAXWELL TER, BLOOMINGTON, IN, 47401",Service Line Leak,{06D18A51-98A3-426E-A05A-1ABB141E74E3}
179,15103,Urgent Water Main Break Repair,2024-01-23,v4721,"920 NORTH PLYMOUTH CT, BLOOMINGTON, IN, 47408",Main Leak (No BWA),{94AD852D-3C5A-4DFA-9654-D96D81EE2A5E}
180,15137,Urgent Service Line Break Repair,2024-01-24,wp10149,"404 NORTH HOPEWELL ST, BLOOMINGTON, IN, 47404",Service Line Strike,{D5E9E204-6DB9-4A33-95FE-06A21FA4EBC4}
181,15257,Urgent Service Line Break Repair,2024-01-29,q4497,"611 EAST 1ST ST, BLOOMINGTON, IN, 47401",Service Line Leak,{F1086F75-DD75-4A69-B811-2FB5631F417C}
182,15351,Urgent Water Main Break Repair,2024-01-30,wp9995,"1700 WEST BLOOMFIELD RD, BLOOMINGTON, IN, 47403",Main Leak (No BWA),{A6CF432E-D8AB-446B-BCD1-069BC7890C4D}
183,15466,Urgent Water Main Break Repair,2024-02-04,r44142,"701 SOUTH HIGHLAND AVE, BLOOMINGTON, IN, 47401",Main Leak (No BWA),{F2053503-1D32-423D-9457-6B2DD2D2B10A}
184,15467,Urgent Water Main Break Repair,2024-02-04,wp3647,"2350 WEST EVERGREEN DR, BLOOMINGTON, IN, 47404",Main Leak (No BWA),{6C29E3C2-BDF4-41D2-95D1-AB9E3AD49833}
185,15469,Urgent Water Main Break Repair,2024-02-04,wp3647,"2350 WEST EVERGREEN DR, BLOOMINGTON, IN, 47404",Main Leak (No BWA),{BABF80C3-40D3-493A-B97E-51782E48CA31}
186,15814,Urgent Water Main Break Repair,2024-02-10,p5115,"3321 NORTH STONEYCREST RD, BLOOMINGTON, IN, 47404",Main Break (Includes a BWA),{764CFECF-ABF9-4668-B45C-25A425932231}
187,15816,Urgent Water Main Break Repair,2024-02-11,p5151,"1001 WEST WINDING WAY, BLOOMINGTON, IN, 47404",Main Break (Includes a BWA),{6CE3B8AC-DE96-4CD1-A554-7FA42FDBEC82}
188,17029,Urgent Water Main Break Repair,2024-02-15,wp2511,"1912 NORTH MONROE ST, BLOOMINGTON, IN, 47404",Main Leak (No BWA),{C21C1D26-B0F8-40D8-9275-617113A94023}
189,17113,Urgent Water Main Break Repair,2024-02-20,r38153,"1051 E JENNIFER CIR, BLOOMINGTON, IN, 47401",Main Break (Includes a BWA),{95A6DCB1-E61D-41AD-BB09-BD4CE430B22F}
190,17273,Urgent Water Main Break Repair,2024-02-25,r3870,"1002 EAST SHERBROOKE DR, BLOOMINGTON, IN, 47401",Main Break (Includes a BWA),{75289E98-897C-4F89-9E5D-B98807F633FC}
191,17374,Urgent Water Main Break Repair,2024-02-27,p504,"2621 NORTH KINSER PIKE, BLOOMINGTON, IN, 47404",Main Break (Includes a BWA),{46E6699E-8BAD-462E-B45B-035C8D21C231}
192,17485,Urgent Water Main Break Repair,2024-03-01,x442,"5090 EAST HERITAGE WOODS RD, BLOOMINGTON, IN, 47401",Main Break (Includes a BWA),{CF427894-8404-415A-B4C7-FC664B1041F3}
193,17534,Urgent Water Main Break Repair,2024-03-04,r38158,"1028 EAST JENNIFER CT, BLOOMINGTON, IN, 47401",Main Leak (No BWA),{E3BBF1C3-AE30-4C31-978A-EF038692CE8A}
194,17930,Urgent Water Main Break Repair,2024-03-07,wp16219,"4404 WEST STATE ROAD 45, BLOOMINGTON, IN, 47403",Main Leak (No BWA),{09AD2DF5-972E-412C-A3B5-1535530DAFF0}
195,18775,Urgent Water Main Break Repair,2024-03-19,p48113,"317 WEST 17TH ST, BLOOMINGTON, IN, 47404",Strike (Includes a BWA),{CC9D05E7-E3F8-4162-9467-0CD339C63BE0}
196,18775,Urgent Water Main Break Repair,2024-03-19,p48109,"317 WEST 17TH ST, BLOOMINGTON, IN, 47404",Strike (Includes a BWA),{113FAF1E-6638-476F-A8F9-145BA3501540}
197,18775,Urgent Water Main Break Repair,2024-03-19,p48115,"317 WEST 17TH ST, BLOOMINGTON, IN, 47404",Strike (Includes a BWA),{110587DF-F616-4C95-8DB2-6933D75FB04B}
198,18775,Urgent Water Main Break Repair,2024-03-19,p48108,"317 WEST 17TH ST, BLOOMINGTON, IN, 47404",Strike (Includes a BWA),{E27561D5-76D8-42A8-BEA7-21A631228B91}
199,18775,Urgent Water Main Break Repair,2024-03-19,p48114,"317 WEST 17TH ST, BLOOMINGTON, IN, 47404",Strike (Includes a BWA),{0F7E4FE0-2880-450E-B1A2-4CC85F191E64}
200,18799,Urgent Water Main Break Repair,2024-03-21,q5312,"3501 NORTH DUNN ST, BLOOMINGTON, IN, 47408",Main Break (Includes a BWA),{3D0F7AF2-28AB-4C73-B570-02048B34D77D}
201,18857,Urgent Water Main Break Repair,2024-03-22,wp30596,"1020 SOUTH WOODLAWN AVE, BLOOMINGTON, IN, 47401",Main Leak (No BWA),{C311A7D1-CE8F-4AC9-9C72-097CA4B58F47}
202,18859,Urgent Water Main Break Repair,2024-03-23,w297,"4336 EAST SUNDANCE LN, BLOOMINGTON, IN, 47401",Service Line Leak,{0B930723-A14B-45C3-A61A-AA2EE236ED28}
203,19299,Urgent Service Line Break Repair,2024-04-03,11285,"4002 SOUTH ROGERS ST, BLOOMINGTON, IN, 47403",Service Line Strike,{5F71E07E-33B0-4E75-8824-6EA432FA4B6A}
204,19492,Urgent Water Main Break Repair,2024-04-08,v4562,"117 NORTH PARK RIDGE RD, BLOOMINGTON, IN, 47408",Main Break (Includes a BWA),{760EE50C-2C05-4699-9E97-97A4BD47D3A3}
205,19766,Urgent Service Line Break Repair,2024-04-12,wp28626,"3246 SOUTH COPPERTREE DR, BLOOMINGTON, IN, 47401",Service Line Strike,{7F3FE302-A74B-45FE-BB6A-C21C032D1A39}
206,20484,Urgent Service Line Break Repair,2024-04-27,wp1805,"1803 WEST FOUNTAIN DR, BLOOMINGTON, IN, 47404",Service Line Strike,{22AC99F0-4FAB-4BCE-B46D-5C407C19221A}
207,20520,Urgent Service Line Break Repair,2024-04-29,n434,"1700 WEST BLOOMFIELD RD, BLOOMINGTON, IN, 47403",Service Line Leak,{D95624D3-6EC2-4820-8450-A10213310B0A}
208,20601,Urgent Water Main Break Repair,2024-04-30,wp29135,"1013 WEST 14TH ST, BLOOMINGTON, IN, 47404",Strike (No BWA),{22A6A231-CBB4-43CD-88B1-DEBB68911BC7}
209,20722,Urgent Water Main Break Repair,2024-05-02,m401,"3910 WEST WALNUT LEAF DR, BLOOMINGTON, IN, 47403",Main Leak (No BWA),{DB37FD01-F9D0-4752-84B3-C3DE7D73DB33}
210,20917,Urgent Service Line Break Repair,2024-05-06,wp38358,"219 E 19TH ST, BLOOMINGTON, IN, 47408",Service Line Strike,{98239F89-0CD8-4029-B7F3-1D04ECFFEF98}
211,20918,Urgent Service Line Break Repair,2024-05-06,wp18364,"1267 SOUTH STELLA DR, BLOOMINGTON, IN, 47401",Service Line Strike,{10353447-67CD-4A1E-BA91-9EC1B65A5432}
212,21024,Urgent Service Line Break Repair,2024-05-08,p4415,"408 WEST 1ST ST, BLOOMINGTON, IN, 47403",Service Line Strike,{2A38AF12-65CC-49C9-BE72-AE7D481DD59F}
213,21789,Urgent Water Main Break Repair,2024-05-20,m411,"3730 WEST OAK LEAF DR, BLOOMINGTON, IN, 47403",Main Leak (No BWA),{9C4C94BE-9518-458C-8E70-CEB1FEC4877D}
214,23051,Urgent Water Main Break Repair,2024-06-08,p40109,"613 W GRAHAM DR, BLOOMINGTON, IN, 47403",Main Leak (No BWA),{0976AC1B-0C0E-4B89-B647-D9D9FC012833}
215,23153,Urgent Water Main Break Repair,2024-06-10,r38124,"3906 SOUTH WOODS EDGE BND, BLOOMINGTON, IN, 47401",Main Break (Includes a BWA),{2F974C37-CB4B-402F-AAB4-DA01B19DC7D5}
216,23435,Urgent Service Line Break Repair,2024-06-13,6923,"920 NORTH MAPLE ST, BLOOMINGTON, IN, 47404",Service Line Strike,{20D1434C-E44E-4236-9252-9F2CB076F067}
217,23490,Urgent Water Main Break Repair,2024-06-14,k4451,"710 SOUTH PARKWAY DR, BLOOMINGTON, IN, 47403",Main Break (Includes a BWA),{B5EF4215-E986-4240-B371-B4A033084B19}
218,23493,Urgent Water Main Break Repair,2024-06-14,q48328,"1425 N DUNN ST, BLOOMINGTON, IN, 47408",Main Leak (No BWA),{CCB70337-0B17-4D5D-93FA-13241F9D8AB7}
219,23497,Urgent Water Main Break Repair,2024-06-15,r38124,"3906 SOUTH WOODS EDGE BND, BLOOMINGTON, IN, 47401",Main Break (Includes a BWA),{4FE80C94-61F2-450F-B154-50AA323C0A43}
220,23567,Urgent Water Main Break Repair,2024-06-17,s4530,"209 S UNION ST, BLOOMINGTON, IN, 47408",Main Leak (No BWA),{6D7777C3-886B-42BA-BE3E-49CEEE108E9F}
221,23662,Urgent Water Main Break Repair,2024-06-18,wp29262,"3225 NORTH PROW RD, BLOOMINGTON, IN, 47404",Main Leak (No BWA),{149D85DA-8FEB-401B-A6B1-C8F0C185AE82}
222,23697,Urgent Water Main Break Repair,2024-06-20,q44197,"700 SOUTH COLLEGE AVE, BLOOMINGTON, IN, 47403",Main Leak (No BWA),{F3928B89-8724-4B2C-8EE9-9F1CEFBB6C3C}
223,23705,Urgent Service Line Break Repair,2024-06-20,s42171,"1702 EAST THORNTON DR, BLOOMINGTON, IN, 47401",Service Line Strike,{BF90AFF4-F55A-4DBE-A164-41C55CDD520D}
224,23742,Urgent Water Main Break Repair,2024-06-21,wp32629,"258 NORTH WILLIS DR, BLOOMINGTON, IN, 47404",Main Break (Includes a BWA),{E8360101-9F85-4868-AB70-2E5716BACF99}
225,23759,Urgent Water Main Break Repair,2024-06-21,wp27217,"100 NORTH STATE ROAD 46, BLOOMINGTON, IN, 47408",Main Break (Includes a BWA),{7D7B9BD8-CFED-4EF7-8E9B-7F4DCAF54284}
226,23792,Urgent Service Line Break Repair,2024-06-21,p4415,"WEST 1ST ST & SOUTH MORTON ST, BLOOMINGTON, IN, 47403",Service Line Strike,{AD5B9EBB-B060-4908-B235-ADBEAF67FFF5}
227,23802,Urgent Water Main Break Repair,2024-06-23,s4224,"1415 S NANCY ST, BLOOMINGTON, IN, 47401",Main Break (Includes a BWA),{CAA03139-CEDF-46CA-8097-478006A9B253}
228,23892,Urgent Water Main Break Repair,2024-06-24,p504,"2500 NORTH KINSER PIKE, BLOOMINGTON, IN, 47404",Main Break (Includes a BWA),{8ABACF71-A079-4570-85A0-1D253317D0DD}
229,24046,Urgent Service Line Break Repair,2024-06-25,wp15788,"704 WEST 3RD ST, BLOOMINGTON, IN, 47404",Service Line Strike,{65BC1A45-6265-48BE-AD4C-819B59C979A3}
230,24057,Urgent Water Main Break Repair,2024-06-26,wp27321,"3711 SOUTH HAYS DR, BLOOMINGTON, IN, 47403",Main Leak (No BWA),{25B40D0D-C5C4-4CC0-AF0D-4F6F298F3CA6}
231,24066,Urgent Water Main Break Repair,2024-06-26,wp2508,"524 SOUTH HIGHLAND AVE, BLOOMINGTON, IN, 47401",Main Leak (No BWA),{E928BC6F-CE98-44CC-8C3F-7D64ADB5294C}
232,24085,Urgent Water Main Break Repair,2024-06-26,w297,"4336 EAST SUNDANCE LN, BLOOMINGTON, IN, 47401",Main Leak (No BWA),{35997177-EAD1-4E1F-84C0-0EEF04398997}
233,24193,Urgent Service Line Break Repair,2024-06-28,p46216,"311 WEST 7TH ST, BLOOMINGTON, IN, 47404",Service Line Leak,{7F978831-2481-484B-83EA-D25FC2216557}
234,24371,Urgent Water Main Break Repair,2024-07-03,wp5676,"NORTH STONE MILL RD & N OLD STATE ROAD 37, BLOOMINGTON, IN, 47408",Main Break (Includes a BWA),{093FECA3-0B50-4F5A-A9FF-66CD3D9FE058}
235,24524,Urgent Service Line Break Repair,2024-07-08,4681,"622 WEST 6TH ST, BLOOMINGTON, IN, 47404",Service Line Strike,{7CF67796-6328-4C5F-94B5-2E0C39717187}
236,24587,Urgent Water Main Break Repair,2024-07-09,wp4149,"WEST 1ST ST & SOUTH MORTON ST, BLOOMINGTON, IN, 47403",Main Break (Includes a BWA),{982487E1-FCF2-4CB5-ADBB-BE411A44B80A}
237,24626,Urgent Service Line Break Repair,2024-07-10,249,"1412 SOUTH WINFIELD RD, BLOOMINGTON, IN, 47401",Service Line Strike,{6070BE29-85D8-4581-A97B-37899A290D65}
238,24684,Urgent Service Line Break Repair,2024-07-10,2797,"1206 SOUTH WOODLAWN AVE, BLOOMINGTON, IN, 47401",Service Line Strike,{76A8683C-F2E8-4CC2-88A7-2A23245DFD88}
239,24752,Urgent Service Line Break Repair,2024-07-11,3295,"311 S SWAIN AVE, BLOOMINGTON, IN, 47401",Service Line Strike,{5D282F10-B6E3-4F3C-9CFF-9C01E8972433}
240,24795,Urgent Service Line Break Repair,2024-07-11,q44210,"229 WEST 1ST ST, BLOOMINGTON, IN, 47403",Service Line Leak,{96EB597B-4881-456B-9EFC-771E861EFBDE}
241,24796,Urgent Service Line Break Repair,2024-07-11,wp8647,"606 S COLLEGE AVE, BLOOMINGTON, IN, 47403",Service Line Leak,{C626F79B-F231-4D50-A8CF-9D858E9B50A9}
242,24826,Urgent Service Line Break Repair,2024-07-12, ,"421 WEST 1ST ST, BLOOMINGTON, IN, 47403",Service Line Strike,{150E9255-E564-4EBA-AA53-D97738AC2D53}
243,25326,Urgent Water Main Break Repair,2024-07-22,wp35532,"1151 EAST 17TH ST, BLOOMINGTON, IN, 47408",Main Break (Includes a BWA),{8D9C8286-9875-4915-AE21-C36DC1339683}
244,25343,Urgent Water Main Break Repair,2024-07-22,s4224,"1419 SOUTH NANCY ST, BLOOMINGTON, IN, 47401",Strike (No BWA),{82144073-98D2-4436-BF7C-CE428F53E8C0}
245,25402,Urgent Service Line Break Repair,2024-07-23,s4224,"1419 SOUTH NANCY ST, BLOOMINGTON, IN, 47401",Service Line Strike,{622576A3-FF8D-4446-9DEB-764A2A05D4E5}
246,25404,Urgent Water Main Break Repair,2024-07-23,wp12674,"1104 SOUTH MADISON ST, BLOOMINGTON, IN, 47403",Strike (Includes a BWA),{05DEE33E-297B-4732-A3DB-6E14485F8E06}
247,25439,Urgent Service Line Break Repair,2024-07-23,5451,"1529 WEST 8TH ST, BLOOMINGTON, IN, 47404",Service Line Strike,{650F544E-F2F3-4AD6-9894-941B549826B2}
248,25497,Urgent Service Line Break Repair,2024-07-24,8128,"527 EAST SMITH AVE, BLOOMINGTON, IN, 47401",Service Line Leak,{021FC236-6E1C-4714-A23F-744A09559DA5}
249,25498,Urgent Water Main Break Repair,2024-07-24,wp35532,"1124 EAST 17TH ST, BLOOMINGTON, IN, 47406",Main Break (Includes a BWA),{F2CB8257-B60B-4F94-9910-41BBF7615921}
250,25697,Urgent Service Line Break Repair,2024-07-26,25617,"2718 SOUTH JALEN CT, BLOOMINGTON, IN, 47403",Service Line Leak,{A217BD49-5366-41A1-A8F4-CF51FE525F55}
251,26084,Urgent Service Line Break Repair,2024-08-01,wp25544,"2305 NORTH WALNUT ST, BLOOMINGTON, IN, 47404",Service Line Leak,{A8270D02-2B11-421B-8234-8247EB31E902}
252,26167,Urgent Water Main Break Repair,2024-08-01,r45140,"1425 EAST HUNTER AVE, BLOOMINGTON, IN, 47401",Main Leak (No BWA),{794CC8E9-06E1-42FF-8634-C57DEF440DF7}
253,26484,Urgent Service Line Break Repair,2024-08-07,s4042,"2104 EAST ROCK CREEK DR, BLOOMINGTON, IN, 47401",Service Line Leak,{2F8E46F5-8584-41E4-8FDB-B9F5C43BE14C}
254,26777,Urgent Water Main Break Repair,2024-08-13,p505,"2711 N KINSER PIKE, BLOOMINGTON, IN, 47404",Main Break (Includes a BWA),{31FEA74F-F0EA-4099-851B-D5B7A0E183B0}
255,26960,Urgent Service Line Break Repair,2024-08-15,p4415,"411 WEST 1ST ST, BLOOMINGTON, IN, 47403",Service Line Leak,{6E8CF3AD-25B1-4A0F-88A1-D33575C3A440}
256,27040,Urgent Water Main Break Repair,2024-08-16,wp25755,"3852 SOUTH BAINBRIDGE DR, BLOOMINGTON, IN, 47401",Main Break (Includes a BWA),{63FD41A6-96BD-4455-BC15-A033512E5C35}
257,27068,Urgent Service Line Break Repair,2024-08-18,p45219,"414 WEST 6TH ST, BLOOMINGTON, IN, 47404",Service Line Strike,{9FCA69BA-9E6A-4B95-A318-746B03B0D238}
258,27163,Urgent Service Line Break Repair,2024-08-19,17551,"3710 EAST EXETER LN, BLOOMINGTON, IN, 47408",Service Line Leak,{3ADAEC8A-D29D-4545-91BB-7D92E28AD5EC}
259,27166,Urgent Service Line Break Repair,2024-08-19,wp26524,"2110 W FOUNTAIN DR, BLOOMINGTON, IN, 47404",Service Line Strike,{16F06B5D-96FD-4FC1-BB9B-16600669ECFF}
260,27246,Urgent Service Line Break Repair,2024-08-20, ,"NORTH CRESCENT RD & WEST FOUNTAIN DR, BLOOMINGTON, IN, 47404",Service Line Strike,{B1614A23-0234-4F7F-9DA0-6B4559DC6687}
261,27316,Urgent Water Main Break Repair,2024-08-22,p44128,"714 SOUTH ROGERS ST, BLOOMINGTON, IN, 47403",Main Break (Includes a BWA),{DCEA3FB2-4E02-443A-81CE-D20F952D20F9}
262,27767,Urgent Water Main Break Repair,2024-09-03,q42144,"108 E SOUTHERN DR, BLOOMINGTON, IN, 47401",Main Break (Includes a BWA),{C739BB3D-E085-4EFA-8014-4C32C90F72E2}
263,27892,Urgent Water Main Break Repair,2024-09-04,wp9393,"7470 S SHIELDS RIDGE RD, BLOOMINGTON, IN, 47401",Main Leak (No BWA),{BDADA455-8596-4FCF-9535-B3656ED2095E}
264,27903,Urgent Water Main Break Repair,2024-09-04,p4131,"712 W Coolidge DR, Bloomington, IN, 47403",Strike (No BWA),{C2AF4A98-9C6D-43D7-84E2-667A2902633B}
265,28409,Urgent Water Main Break Repair,2024-09-13,v46108,"510 N HAMILTON CT, BLOOMINGTON, IN, 47408",Main Leak (No BWA),{A3F40E39-8313-47A2-BDF2-359091ABCD0E}
266,28412,Urgent Service Line Break Repair,2024-09-13,25876,"920 S LARKSPUR LN, BLOOMINGTON, IN, 47403",Service Line Strike,{B91D0F6A-F302-4FC1-84C3-68AD89EC7DDD}
267,28484,Urgent Water Main Break Repair,2024-09-16,u4594,"3514 E MORNINGSIDE DR, BLOOMINGTON, IN, 47408",Main Leak (No BWA),{AC6A3DF0-F342-4004-A87A-6E061B950F96}
268,28618,Urgent Service Line Break Repair,2024-09-18,r4439,"608 S EAGLESON AVE, BLOOMINGTON, IN, 47401",Service Line Strike,{A548654A-61C0-428F-B83C-0BDCAA62F156}
269,28907,Urgent Water Main Break Repair,2024-09-20,p4712,"810 N BLAIR AVE, BLOOMINGTON, IN, 47404",Main Leak (No BWA),{1CB093E4-C726-44F7-9524-486FA6D8F990}
270,29046,Urgent Water Main Break Repair,2024-09-24,n4215,"1530 S STONE DR, BLOOMINGTON, IN, 47403",Main Leak (No BWA),{64B82A7F-7EC2-4B94-AC8D-687A34CF1B99}
271,29101,Urgent Water Main Break Repair,2024-09-24,wp17671,"809 S MADISON ST, BLOOMINGTON, IN, 47403",Strike (No BWA),{7C5F71DE-8FDE-406A-AA6F-CA21A2C8CBBB}
272,29178,Urgent Water Main Break Repair,2024-09-26,wp1251,"2620 W COTA DR, BLOOMINGTON, IN, 47403",Main Leak (No BWA),{7BF90525-A893-46ED-B2DB-F5F56B8781AB}
273,29497,Urgent Service Line Break Repair,2024-10-03,10923,"612 W CHEROKEE DR, BLOOMINGTON, IN, 47403",Service Line Strike,{1D2972B8-C1D5-40F6-87F3-264674A74259}
274,30098,Urgent Water Main Break Repair,2024-10-16,p4695,"402 N ROGERS ST, BLOOMINGTON, IN, 47404",Main Leak (No BWA),{7AFF5125-6E06-401A-9E8B-C12ECC0C54E1}
275,30275,Urgent Service Line Break Repair,2024-10-17,13259,"235 E Winslow RD, Bloomington, 47401",Service Line Strike,{2E54E83C-AB5F-4469-9EF0-C245A2F07146}
276,30351,Urgent Water Main Break Repair,2024-10-18,r3844,"3926 S EMILIE CT, BLOOMINGTON, IN, 47401",Main Leak (No BWA),{28EA3AEC-F893-4369-8BC4-E0F6570EA19D}
277,30483,Urgent Water Main Break Repair,2024-10-22,v46159,"237 N SHEFFIELD DR, BLOOMINGTON, IN, 47408",Main Leak (No BWA),{D7A4CF0C-D38A-44D2-8FF3-B674260CF9F8}
278,30485,Urgent Service Line Break Repair,2024-10-22,23798,"818 S STULL AVE, BLOOMINGTON, IN, 47401",Service Line Leak,{B8C1C892-89A2-4C06-8E69-CC44EDDEA03B}
279,30728,Urgent Water Main Break Repair,2024-10-28,s4218,"1531 S DORCHESTER DR, BLOOMINGTON, IN, 47401",Main Leak (No BWA),{0ACFEB2F-61B1-4671-986E-D05AEE6C2B1F}
280,30800,Urgent Water Main Break Repair,2024-10-29,wp27652,"603 S EAGLESON AVE, BLOOMINGTON, IN, 47401",Main Leak (No BWA),{C157868B-F431-482D-9908-E1F61B3C9615}
281,30801,Urgent Water Main Break Repair,2024-10-29,wp24919,"4426 E CAMBRIDGE CT, BLOOMINGTON, IN, 47408",Main Leak (No BWA),{D7DE5F03-8FCD-4774-818F-57DA72DB89FD}
282,30865,Urgent Service Line Break Repair,2024-10-30,5751,"308 N Lincoln ST, Bloomington, IN, 47408",Service Line Strike,{6B8C9F3D-5CF0-4F0A-BF7E-57FB36198B1B}
283,31052,Urgent Water Main Break Repair,2024-11-04,p3844,"3603 S HAYS DR, BLOOMINGTON, IN, 47403",Main Break (Includes a BWA),{5441777C-D6CA-4AC1-BF16-DDF5DB2DAF0A}
284,31097,Urgent Water Main Break Repair,2024-11-06,wp10272,"816 S FESS AVE, BLOOMINGTON, IN, 47401",Main Leak (No BWA),{F93BA5F6-758C-49E1-A8DD-6DA914F75F4B}
285,31845,Urgent Water Main Break Repair,2024-11-19,wp685,"3309 S GLEN ARBOR PL, BLOOMINGTON, IN, 47403",Main Break (Includes a BWA),{0BA7D468-7F65-4403-9953-26175EE204AD}
286,31866,Urgent Water Main Break Repair,2024-11-19,wp18892,"723 W 1ST ST, BLOOMINGTON, IN, 47403",Strike (No BWA),{C19E566F-83FB-4E50-8AB3-68A0077C838B}
287,31903,Urgent Water Main Break Repair,2024-11-20,wp18892,"727 W 1ST ST, BLOOMINGTON, IN, 47403",Main Leak (No BWA),{EA73228E-6581-4F35-9A1E-9AD9F0C5F045}
288,32098,Urgent Water Main Break Repair,2024-11-23,q607,"6575 N SHOWERS RD, BLOOMINGTON, IN, 47408",Main Leak (No BWA),{65875CBF-9329-4B0B-894B-CDCD6B580B04}
289,32240,Urgent Water Main Break Repair,2024-11-29,wp12467,"2206 E 8TH ST, BLOOMINGTON, IN, 47408",Main Leak (No BWA),{5A8305E7-8D72-4A48-9FD9-922A2CBBDCC4}
290,32242,Urgent Water Main Break Repair,2024-11-30,p5148,"3401 N STONEYCREST RD, BLOOMINGTON, IN, 47404",Main Leak (No BWA),{3F8ABB59-05D6-42EE-9D41-DBFE72D79DBD}
291,32348,Urgent Water Main Break Repair,2024-12-04,q3957,"115 E RIDGEVIEW DR, BLOOMINGTON, IN, 47401",Main Leak (No BWA),{B73DD721-B3FF-40AD-8704-E577D4E3C3AF}
292,32370,Urgent Service Line Break Repair,2024-12-05,wp24955,"2121 N Angelina LN, Bloomington, IN, 47404",Main Leak (No BWA),{56C417D1-EB78-46BE-A3FA-6E331DCA69DA}
293,32391,Urgent Water Main Break Repair,2024-12-06,s4134,"2113 S GEORGETOWN RD, BLOOMINGTON, IN, 47401",Main Break (Includes a BWA),{3E8BF43A-220D-47DA-8EB7-43892702FF6A}
294,32410,Urgent Water Main Break Repair,2024-12-06,s4274,"2222 E CAPE COD DR, BLOOMINGTON, IN, 47401",Main Leak (No BWA),{9A6E25DA-82D6-4882-8BA5-7CD721C0F99E}
295,32412,Urgent Water Main Break Repair,2024-12-07,s4069,"3013 S STRATFORD DR, BLOOMINGTON, IN, 47401",Main Leak (No BWA),{DC722152-26A5-45D4-B176-1F03BF52290B}
296,32504,Urgent Water Main Break Repair,2024-12-09,p5025,"611 W CLOVER TER, BLOOMINGTON, IN, 47404",Main Leak (No BWA),{3B9A5DDF-18C6-4082-B383-82DC2016C1B9}
297,32888,Urgent Water Main Break Repair,2024-12-12,wp14011,"1020 S WOODLAWN AVE, BLOOMINGTON, IN, 47401",Main Leak (No BWA),{2D28DA47-54DE-48BC-8505-15AA5C221DC0}
298,32960,Urgent Water Main Break Repair,2024-12-12,v4466,"S CHRISTOPHER DR & E BROWNRIDGE RD, PERRY, IN, 47401",Main Leak (No BWA),{0AFDF68C-24D4-46E1-999C-EA29C26E5A18}
299,32972,Urgent Service Line Break Repair,2024-12-13,q44107,"610 S Henderson ST, Bloomington, IN, 47401",Service Line Strike,{D4DDBE57-0789-4A17-B42A-A96E1B5DC50F}
300,32972,Urgent Service Line Break Repair,2024-12-13,2931,"610 S Henderson ST, Bloomington, IN, 47401",Service Line Strike,{DD66C8C6-3578-4509-BB7B-9C788B0A6B62}
301,33322,Urgent Water Main Break Repair,2024-12-23,wp21763,"919 W 8TH ST, BLOOMINGTON, IN, 47404",Main Leak (No BWA),{60D9594D-2A62-4D19-8645-14B29C456EA0}
302,33620,Urgent Water Main Break Repair,2025-01-07,wp14391,"1318 S HENDERSON ST, BLOOMINGTON, IN, 47401",Main Leak (No BWA),{DE5A6448-14FD-49D7-B292-558E8B700E0C}
303,33635,Urgent Water Main Break Repair,2025-01-08,wp18455,"118 S GLENWOOD AVE W, BLOOMINGTON, IN, 47408",Main Leak (No BWA),{145B6040-2B5D-4971-934A-36D623A3B77F}
304,33704,Urgent Water Main Break Repair,2025-01-09,t4162,"2525 E ROCK CREEK DR, BLOOMINGTON, IN, 47401",Main Leak (No BWA),{A9D9A1B4-CF96-4E04-9E16-FCBB3E09AF36}
305,33763,Urgent Water Main Break Repair,2025-01-14,s44111,"611 S CLIFTON AVE, BLOOMINGTON, IN, 47401",Main Leak (No BWA),{155A5CFD-E685-4812-BB61-73AAC8E1FB04}
306,33785,Urgent Water Main Break Repair,2025-01-14,wp26270,"813 E UNIVERSITY ST, BLOOMINGTON, IN, 47401",Main Break (Includes a BWA),{199B87BD-B0DA-498C-BF05-85D408205EF4}
307,33862,Urgent Water Main Break Repair,2025-01-17,l44148,"417 S WESTERN DR, BLOOMINGTON, IN, 47403",Main Leak (No BWA),{E1D3D816-34D7-450E-890F-CCD85F62C084}
308,33863,Urgent Water Main Break Repair,2025-01-17,l455,"W BELLE AVE & S HICKORY DR, VAN BUREN, IN, 47403",Main Leak (No BWA),{6B984C09-F35A-4AC9-AC70-E77056911C2E}
309,33875,Urgent Water Main Break Repair,2025-01-19,q4874,"1301 N WALNUT ST, BLOOMINGTON, IN, 47404",Main Leak (No BWA),{87F3F1CC-6B14-4CBE-BA4F-5709AE4377A9}
310,33981,Urgent Water Main Break Repair,2025-01-22,r42183,"798 E MOODY DR, PERRY, IN, 47401",Main Leak (No BWA),{1DA537C9-46A9-403B-9248-15DC71191555}
311,33993,Urgent Water Main Break Repair,2025-01-23,q48128,"110 E 19TH ST, BLOOMINGTON, IN, 47408",Main Break (Includes a BWA),{9914EC31-7076-49CF-BEE9-0195A4F1DC10}
312,34039,Urgent Water Main Break Repair,2025-01-23,p43128,"1309 S ROGERS ST, BLOOMINGTON, IN, 47403",Main Leak (No BWA),{C178DB72-F956-467F-B498-9AA3959BED95}
313,34064,Urgent Water Main Break Repair,2025-01-24,n4345,"1700 W BLOOMFIELD RD, BLOOMINGTON, IN, 47403",Main Break (Includes a BWA),{492206F1-5B3F-4594-8F21-A55EB6EF7719}
314,34364,Urgent Water Main Break Repair,2025-01-31,p4647,"622 N MONROE ST, BLOOMINGTON, IN, 47404",Main Leak (No BWA),{26981F17-EE74-4748-BACE-0AAFE9D84F65}
315,34368,Urgent Water Main Break Repair,2025-02-02,r4245,"1220 E THORNTON DR, BLOOMINGTON, IN, 47401",Main Leak (No BWA),{0BA833A2-A46D-4DA7-96E3-93E3224B6587}
316,34423,Urgent Water Main Break Repair,2025-02-03,o322,"100 W DILLMAN RD, BLOOMINGTON, IN, 47403",Main Leak (No BWA),{A81BC3F2-333F-4997-BAF2-E224E9F68572}
317,34479,Urgent Service Line Break,2025-02-04,v4713,"4325 E Weymouth LN, Bloomington, IN, 47408",Service Line Leak,{06A1B217-6573-4A8E-B4FB-B6D6F3127CA3}
318,34528,Urgent Water Main Break Repair,2025-02-04,t4570,"2700 E 3rd ST, Bloomington, 47401",Main Leak (No BWA),{7B40E7D5-DF86-41AF-B656-424A722DBEF3}
319,34584,Urgent Water Main Break Repair,2025-02-05,m411,"3722 W Oak Leaf DR, Bloomington, IN, 47403",Main Break (Includes a BWA),{025EE639-0E86-4162-A10D-D640B8C10228}
320,34604,Urgent Service Line Break,2025-02-05,22093,"W Daffodil CT, 47403",Service Line Leak,{7E73AD0B-1DD1-4CE0-91A5-E3C7CCBB3433}
321,35091,Urgent Water Main Break Repair,2025-02-16,l4531,"4146 W Belle AVE, Bloomington, IN, 47403",Main Leak (No BWA),{3BEE5B69-0CFE-4D6E-9E4B-5C5D249CFE71}
322,35092,Urgent Water Main Break Repair,2025-02-16,m372,"3738 S Sims LN, Bloomington, IN, 47403",Main Leak (No BWA),{CC07B70D-731D-4EDA-B4C1-C58718782C09}
323,35096,Urgent Water Main Break Repair,2025-02-17,wp33962,"181 E Ellis RD, Bloomington, IN, 47408",Main Leak (No BWA),{C53EF5D9-2B30-4641-B208-87793549C220}
324,35245,Urgent Water Main Break Repair,2025-02-21,wp34459,"928 S Ballantine RD, Bloomington, IN, 47401",Main Leak (No BWA),{06896161-7D3A-4DB9-AD3C-1A885AEC0D6D}
325,35343,Urgent Water Main Break Repair,2025-02-24,wp27388,"120 S Franklin RD, Bloomington, 47404",Main Leak (No BWA),{FD59DDD5-B5F1-4511-8EE7-F53D0B530D56}
326,35415,Urgent Water Main Break Repair,2025-02-25,r4439,"616 S Eagleson AVE, Bloomington, IN, 47401",Main Break (Includes a BWA),{3F664B69-E422-4B78-A5DE-808446726416}
327,35583,Urgent Water Main Break Repair,2025-02-26,wp22094,"216 S Rockwood Crescent CT, Bloomington, IN, 47403",Main Leak (No BWA),{06C1B5B6-AE3F-4ECC-96FB-EA195620E924}
328,36819,Urgent Service Line Break,2025-03-18,wp25764,"613 E Moody DR, Bloomington, IN, 47401",Service Line Strike,{E82D4AC0-D62F-4402-BFF5-750D5366B0D0}
329,36929,Urgent Service Line Break,2025-03-20,21992,"2580 S Delila Star DR, Bloomington, IN, 47403",Service Line Leak,{46D0012A-578A-4BAA-865F-A007025151C7}
330,37197,Urgent Water Main Break Repair,2025-03-27,wp20221,"N Stone Branch DR, 47404",Main Leak (No BWA),{2A8D0B80-AAA9-4657-A468-4FF36C41E312}
331,37299,Urgent Water Main Break Repair,2025-03-27,wp657,"613 W Whitethorn WAY, Bloomington, IN, 47403",Main Break (Includes a BWA),{7A62AA7B-1C8E-4D1C-96E7-5EE6FFA8290B}
332,37641,Urgent Service Line Break Repair,2025-04-03,15618,"4199 S Walnut Street PIKE, Bloomington, IN, 47401",Service Line Strike,{1F7BD363-DE8F-4F70-AC3A-ADD1635814D4}
333,37860,Urgent Service Line Break,2025-04-08,21785,"2721 S Jalen CT, Bloomington, IN, 47403",Service Line Leak,{AFC7457E-BF9E-4DC4-A5D9-86722B4B7114}
334,38202,Urgent Water Main Break Repair,2025-04-14,t44110,"2906 E Buick Cadillac BLVD, Bloomington, IN, 47401",Main Leak (No BWA),{FFE1B8A1-E93D-440D-AF4C-C6955FE3A19A}
335,38287,Urgent Water Main Break Repair,2025-04-14,t43158,"1404 S Sare RD, Bloomington, IN, 47401",Main Leak (No BWA),{BF8E07F1-D59A-4B29-9B8E-88239EAA1B69}
336,38533,Urgent Water Main Break Repair,2025-04-16,629,"4411 E Clayton CT, Bloomington, IN, 47401",Main Break (Includes a BWA),{6134A9AA-C62E-49DD-9EEC-786E2AAE4C61}
337,38628,Urgent Water Main Break Repair,2025-04-21,wp5723,"3805 E Tamarron DR, Bloomington, IN, 47408",Main Leak (No BWA),{98A38FB4-2457-4258-BC8E-248151221695}
338,38763,Urgent Water Main Break Repair,2025-04-22,wp162,"254 S Indiana AVE, Bloomington, 47408",Strike (No BWA),{2240902D-49E0-455D-8D1F-036FCB2F6396}
339,39092,Urgent Water Main Break Repair,2025-04-28,wp19744,"111 W Hillside DR, Bloomington, IN, 47403",Main Leak (No BWA),{EDDEF33E-D2C4-4A2B-A660-F96043085124}
340,39260,Urgent Water Main Break Repair,2025-04-29,p4444,"811 W 2nd ST,  Bloomington,  IN,  47403",Strike (No BWA),{09B3809D-274F-4DF0-ABEF-9620A459FDF7}
341,39520,Urgent Service Line Break,2025-05-05,29415,"1080 S Sugar Maple PL,  Bloomington,  IN,  47403",Service Line Leak,{821DE748-55EA-4DFB-8673-69C7647B5CC9}
342,40454,Urgent Water Main Break Repair,2025-05-22,wp3089,"3407 E Olcott BLVD,  Bloomington,  IN,  47401",Main Break (Includes a BWA),{C1DCD22F-4986-46EE-8723-F4E5D730154F}
343,40520,Urgent Water Main Break Repair,2025-05-22,t4186,"2693 S Mccartney LN, Bloomington, IN, 47401",Main Break (Includes a BWA),{B8764236-942A-4659-BA51-DAB7D118225A}
344,40601,Urgent Water Main Break Repair,2025-05-25,t4257,"2670 S Mccartney LN, Bloomington, IN, 47401",Main Break (Includes a BWA),{3EBA9707-A866-4E83-967A-01E08FAB0EFF}
345,42397,Urgent Water Main Break Repair,2025-06-24,wp8397,"330 N Eagleson AVE, Bloomington, IN, 47405",Main Break (Includes a BWA),{0EB3A4FA-E16D-4CF1-AE7D-4E3645195040}
346,42677,Urgent Water Main Break Repair,2025-06-30,wp32563,"4685 W Woodyard RD, Bloomington, IN, 47404",Main Leak (No BWA),{9AF74513-6A14-4034-95FA-183A1BD6AC17}
347,42677,Urgent Water Main Break Repair,2025-06-30,wp32564,"4685 W Woodyard RD, Bloomington, IN, 47404",Main Leak (No BWA),{81132967-C0F1-4DDF-8B60-B8D625D36D86}
348,42677,Urgent Water Main Break Repair,2025-06-30,wp32562,"4685 W Woodyard RD, Bloomington, IN, 47404",Main Leak (No BWA),{D8833715-D5C9-4B1D-B008-7A879F9BFA1B}
349,42791,Urgent Water Main Break Repair,2025-07-01,wp39837,"220 E 19th ST, Bloomington, IN, 47408", ,{CF68BA6C-E51F-4548-9FC7-55556160EA53}
350,42794,Urgent Water Main Break Repair,2025-07-01,wp2595,"1500 S Oakdale DR, Bloomington, 47403", ,{9EDE8347-067D-40D5-9616-27A9944DBEFE}
351,42975,Urgent Water Main Break Repair,2025-07-05,s40101,"1705 E Caradon Hl, Bloomington, Indiana",Main Break (Includes a BWA),{9E4B183A-0F62-4A4F-865D-94587F9738EA}
352,42980,Urgent Service Line Break,2025-07-06,12529,"3724 S Hampshire Ln, Bloomington, Indiana", ,{ACFA785B-1F7E-4956-BBD9-EF1957A495EA}
353,43015,Urgent Water Main Break Repair,2025-07-07,wp23598,19th and Lincoln,Main Leak (No BWA),{306A44A3-4D40-477A-8ACD-9239B65525EC}
354,44032,Urgent Water Main Break Repair,2025-07-21,wp12290, , ,{30E00AD7-808A-43AD-A107-CF7EB5F613D2}
355,44033,Urgent Water Main Break Repair,2025-07-21,wp10261,3612 E Mabel, ,{777815E2-6749-412D-9A69-22844E0C279E}
356,44123,Urgent Water Main Break Repair,2025-07-23,r44201,"730 S Park AVE, Bloomington, 47401",Main Leak (No BWA),{3975087C-5847-4ACC-81DC-CD229D5911DA}
357,44261,Urgent Water Main Break Repair,2025-07-26,wp8583,19th and Lincoln,Main Leak (No BWA),{211B2097-039E-4893-978D-2DE1B93135F1}
358,44829,Urgent Water Main Break Repair,2025-08-05,wp4813,"1416 S Palmer AVE, Bloomington, IN, 47401",Main Leak (No BWA),{A73119CD-DB14-481F-B1A8-5E3384C470E6}
359,45107,Urgent Water Main Break Repair,2025-08-07,wp23236,"1310 N Lincoln ST, Bloomington, IN, 47408",Main Leak (No BWA),{F3D5FE69-1920-4B4C-B0DC-59BBEEAC41D9}
360,45343,Urgent Water Main Break Repair,2025-08-14,wp25545,"N Martha ST, Bloomington, 47408", ,{8F86853D-E0DE-44BE-942F-0E3E74E61CC7}
361,45344,Urgent Water Main Break Repair,2025-08-14,wp25545,"N Martha ST, Bloomington, 47408",Main Break (Includes a BWA),{B3A36B2A-0F2A-4E35-93A1-9B70F5939A14}
362,45436,Urgent Water Main Break Repair,2025-08-15,wp5720, , ,{C0376185-6A09-4D39-A314-F635D27EDD33}
363,45437,Urgent Water Main Break Repair,2025-08-15,wp5719, , ,{41A65F77-9C2E-4775-91D4-59550B2B6CA5}
364,45438,Urgent Water Main Break Repair,2025-08-15,wp2869, , ,{0ACBAE2B-AB7C-4203-988F-5C614FA0B7D3}
365,45439,Urgent Water Main Break Repair,2025-08-15,wp5727,"3672 E Tamarron DR, Bloomington, IN, 47408", ,{E767066C-EC29-457F-A480-D7D4789E14AB}
366,45440,Urgent Water Main Break Repair,2025-08-15,x453,"4982 E Ridgewood DR, Bloomington, IN",Strike (Includes a BWA),{E0FB4F63-E326-400F-AC26-3BAE3C2E48BE}
